ASIN,Title,Authors,PurchaseDate
"B00IZ76TGE","1日で読めてわかるTCP/IPのエッセンス (NextPublishing)","榊 正憲","2018/6/7"
"B0764C5MT5","AWS Lambda実践ガイド","大澤 文孝","2020/9/19"
"B08FYQ2QYL","AWS実務入門 - インフラ基本編","ますけん","2020/9/13"
"B07R1H87Y1","AWS認定資格試験テキスト　AWS認定 ソリューションアーキテクト-アソシエイト","佐々木 拓郎","2019/5/13"
"B07HJ12LJT","Amazon Web Services エンタープライズ基盤設計の基本","堀内 康弘","2019/7/4"
"B07BMQL59H","Amazon Web Services パターン別構築・運用ガイド 改訂第2版","NRIネットコム株式会社","2019/7/6"
"B06Y5ZSYY4","Amazon Web Services 基礎からのネットワーク＆サーバー構築 改訂版","玉川憲","2019/7/4"
"B07HJZDGP6","Amazon Web Services 定番業務システム14パターン 設計ガイド","川上 明久","2019/7/14"
"B0793JRHYC","Amazon Web Services 業務システム設計・移行ガイド　一番大切な知識と技術が身につく","佐々木 拓郎","2019/7/4"
"B07X381YBW","Amazon Web Servicesインフラサービス活用大全 システム構築/自動化、データストア、高信頼化 impress top gearシリーズ","Michael Wittig","2020/10/3"
"B07B2T24V4","Ansible実践ガイド第2版 impress top gearシリーズ","北山 晋吾","2018/8/28"
"B0821F34QJ","Ansible構築・運用ガイドブック　インフラ自動化のための現場のノウハウ (Compass Books)","八木澤 健人","2020/8/16"
"B07FSBHS2V","Clean Architecture　達人に学ぶソフトウェアの構造と設計 (アスキードワンゴ)","Ｒｏｂｅｒｔ Ｃ．Ｍａｒｔｉｎ","2019/3/3"
"B00JEYPPOE","Code Complete 第2版 上　完全なプログラミングを目指して","スティーブ マコネル","2014/11/1"
"B00JEYPUHQ","Code Complete 第2版 下　完全なプログラミングを目指して","スティーブ マコネル","2014/11/1"
"B00I9GR0E6","Crafting Rails 4 Applications: Expert Practices for Everyday Rails Development (The Facets of Ruby) (English Edition)","Valim, Jose","2019/4/26"
"B00JXEFJIM","Developer's Code　本物のプログラマがしていること (アスキー書籍)","Ｋａ　Ｗａｉ　Ｃｈｅｕｎｇ","2014/10/4"
"B07GP1Q3VT","Docker/Kubernetes 実践コンテナ開発入門","山田 明憲","2018/12/27"
"B07NDT526Q","Docker実践ガイド 第2版 impress top gearシリーズ","古賀 政純","2019/7/15"
"B00EESW7JQ","Effective JavaScript　JavaScriptを使うときに知っておきたい68の冴えたやり方","Devid Herman","2014/11/28"
"B00SF6JN4K","Effective Ruby","Peter J.Jones","2019/5/2"
"B07DN87LQV","Elasticsearch実践ガイド impress top gearシリーズ","惣道 哲也","2019/9/4"
"B07LGNGDHF","GoとSAMで学ぶAWS Lambda (技術の泉シリーズ（NextPublishing）)","杉田 寿憲","2020/9/21"
"B06XKPNVWV","Goプログラミング実践入門　標準ライブラリでゼロからWebアプリを作る impress top gearシリーズ","Sau Sheong Chang","2019/9/6"
"B07FZH4GWK","JavaScriptでのWeb開発 ~ Node.js + Express + MongoDB + ReactでWebアプリを開発しよう 〜 その１ 〜（改訂版三版）","ナカノヒトシ","2020/4/20"
"B00N0SRXCW","JavaScript逆引きレシピ jQuery対応","山田　祥寛","2014/11/28"
"B079Z1PG6C","Javaビルドツール入門 Maven/Gradle/SBT/Bazel対応","掌田津耶乃","2019/5/25"
"B07HFS7TDT","Kubernetes完全ガイド impress top gearシリーズ","青山 真也","2019/9/11"
"B085BG8CH5","Linuxで動かしながら学ぶTCP/IPネットワーク入門","もみじあめ","2020/4/30"
"B00GLFI5J6","Linuxサーバーセキュリティ徹底入門","中島能和","2014/11/28"
"B07FGFYPH4","Node.js + Express入門 - JavaScriptとコマンドラインがちょっとわかる人がNode.jsを使うサーバーサイド開発に入門するための本","中野 仁","2020/4/20"
"B078XDLL2J","React入門 React・Reduxの導入からサーバサイドレンダリングによるUXの向上まで","穴井宏幸","2019/9/15"
"B00TO6KMEK","Rubyによるクローラー開発技法　巡回・解析機能の実装と21の運用例","佐々木 拓郎","2016/8/8"
"B07SW2GXVF","Rustで始めるネットワークプログラミング","小野 輝也","2020/7/25"
"B073PRMWR5","The DevOps ハンドブック 理論・原則・実践のすべて","ジーン・キム","2019/9/1"
"B07PQF8TBW","UIデザイン　みんなで考え、カイゼンする。","栄前田 勝太郎","2019/7/14"
"B00EH93MNW","UMLモデリングレッスン","平澤 章","2019/7/14"
"B00RN8IPUE","Unity4.x入門+プログラミングTips集: 初心者から中級者対応。Assetの使い方を徹底解説","薬師寺国安","2015/2/1"
"B00QJINRHK","Unityゲーム開発　オンライン3Dアクションゲームの作り方","竹内 大五郎","2015/2/12"
"B00S75IZ3E","Unity初めの一歩: 超初心者のためのUnity入門","薬師寺国安","2015/2/1"
"B0899SR52S","Vimが好きになる本 (技術の泉シリーズ（NextPublishing）)","ゴリラ","2020/6/27"
"B00SY2UKHY","Webエンジニアが知っておきたいインフラの基本","馬場 俊彰（ハートビーツ）","2015/9/16"
"B01J9E0HCI","Webセキュリティ担当者のための脆弱性診断スタートガイド 上野宣が教える情報漏えいを防ぐ技術","上野宣","2016/9/21"
"B01N183E3H","nginx実践ガイド impress top gearシリーズ","渡辺高志","2020/3/11"
"B01MYDZ55O","「シェル芸」に効く！AWK処方箋","斉藤博文","2020/8/22"
"B011KIC0RG","おうちで学べるセキュリティのきほん","増井 敏克","2015/12/16"
"B00BH772VU","できるPRO Apache Webサーバー 改訂版　Version 2.4／2.2／2.0対応 できるPROシリーズ","辻 秀典","2020/8/3"
"B00J4KDYV4","はじめてUNIXで仕事をする人が読む本 (アスキー書籍)","木本 雅彦","2014/10/4"
"B0771HZRZ8","みんなが知っておくべき運用設計のノウハウ","日本ビジネスシステムズ株式会社","2020/10/16"
"B078LMFXXC","もっとプログラマ脳を鍛える数学パズル アルゴリズムが脳にしみ込む70問","増井敏克","2019/7/14"
"B0871S9QT8","もっと実践！サーバーサイドKotlin (技術の泉シリーズ（NextPublishing）)","FORTE","2020/6/27"
"B00FMI2XIW","アルゴリズムが世界を支配する (角川ＥＰＵＢ選書)","クリストファー・スタイナー","2014/10/5"
"B07D2YCMJ5","インフラCI実践ガイド Ansible/GitLabを使ったインフラ改善サイクルの実現","中島 倫明","2019/5/6"
"B01L8CANUK","インフラエンジニアの教科書","佐野裕","2020/6/7"
"B01KSUGP28","インフラエンジニアの教科書2 スキルアップに効く技術と知識","佐野裕","2020/6/7"
"B00GRKD6XU","エリック・エヴァンスのドメイン駆動設計","Eric Evans","2014/11/28"
"B01L8SEVYI","オブジェクト指向設計実践ガイド　～Rubyでわかる 進化しつづける柔軟なアプリケーションの育て方","Sandi Metz","2018/10/23"
"B078HZKLMB","カイゼン・ジャーニー たった1人からはじめて、「越境」するチームをつくるまで","市谷 聡啓","2019/7/14"
"B00GSHI02Y","コンピュータはなぜ動くのか　知っておきたいハードウエア＆ソフトウエアの基礎知識","矢沢久雄","2015/2/22"
"B072QKQN5Y","シナリオで学ぶパブリッククラウド Amazon Web Services 設計＆開発ガイド","大石良","2019/7/14"
"B01FH3KRTI","スターティングGo言語","松尾愛賀","2019/5/8"
"B00IRRTFNG","スッキリわかるSQL入門 ドリル215問付き！ スッキリわかるシリーズ","中山 清喬","2018/9/11"
"B017X3D3GE","セキュリティコンテストチャレンジブック　CTFで学ぼう！情報を守るための戦い方","碓井 利宣","2016/2/17"
"B00G9QIN62","ダイアグラム別UML徹底活用 第2版","井上樹","2019/7/14"
"B077D2L69C","テスト駆動開発","ＫｅｎｔＢｅｃｋ","2019/3/3"
"B082WXZVPC","ドメイン駆動設計入門 ボトムアップでわかる！ドメイン駆動設計の基本","成瀬 允宣","2020/8/13"
"B00P0UR1RU","パーフェクトRuby on Rails","すがわらまさのり","2019/5/4"
"B00LBPGFJS","フルスクラッチから1日でCMSを作る シェルスクリプト高速開発手法入門 (アスキー書籍)","上田 隆一","2014/10/4"
"B01DIV9AHQ","ブラウザハック","ウェド・アルコーン","2016/9/28"
"B071V7MY82","プリンシプル オブ プログラミング 3年目までに身につけたい 一生役立つ101の原理原則","上田勲","2018/7/9"
"B016QEE30G","プログラマ脳を鍛える数学パズル シンプルで高速なコードが書けるようになる70問","増井敏克","2019/7/14"
"B00HRN7VK0","プログラムはなぜ動くのか 第2版　　知っておきたいプログラムの基礎知識","矢沢 久雄","2015/2/22"
"B0872LW8NY","マスタリングVim","Ruslan Osipov","2020/4/18"
"B01B5MX2TC","ユースケース駆動開発実践ガイド","ダグ・ローゼンバーグ","2019/7/28"
"B0871YGBXW","ログ分析 ことはじめ: セキュリティのためのApacheログ分析","我田 健介","2020/6/7"
"B00FR78X64","世界でもっとも強力な9のアルゴリズム","ジョン マコーミック","2014/11/1"
"B07D38LMT4","例解UNIX/Linuxプログラミング教室 システムコールを使いこなすための12講","冨永和人","2020/8/4"
"B086DBQC8L","個人開発をはじめよう！クリエイター25人の実践エピソード (技術の泉シリーズ（NextPublishing）)","ゆずたそ","2020/6/27"
"B082H8GWMR","入門！実践！サーバーサイドKotlin (技術の泉シリーズ（NextPublishing）)","横山 恭大","2020/6/27"
"B07M8LMZ69","図解 統計学超入門","高橋洋一","2019/6/29"
"B017SH8GZ8","徳丸浩のWebセキュリティ教室（日経BP Next ICT選書）","徳丸 浩","2015/12/1"
"B00SU0MCFS","改訂版 Unity Scriptの基本とUnity4.xアセット活用術: Unity Scriptの基本と、Asset StoreのAssetを自分の作品のなかで利用する方法","薬師寺国安","2015/2/1"
"B00UFGAAGI","数字を200％使いこなす　Webアクセス解析＆レポート作成術 Google Analytics＋SNSアクセス解析ツール対応","小松夕祐（株式会社メンバーズ）","2015/3/19"
"B072K1NH76","新しいLinuxの教科書","三宅 英明","2020/9/1"
"B077NC4N14","新しいシェルプログラミングの教科書","三宅 英明","2020/9/1"
"B06W567M44","新装版 達人プログラマー 職人から名匠への道","ＡｎｄｒｅｗＨｕｎｔ","2018/11/22"
"B073J82NQX","暗号技術のすべて","IPUSIRON","2018/12/1"
"B015643CPE","暗号技術入門 第3版　秘密の国のアリス","結城 浩","2020/7/24"
"B07BPVNJCW","正規表現辞典 改訂新版","佐藤 竜一","2019/7/14"
"B07JHQ9B5T","現場で使える Ruby on Rails 5速習実践ガイド","大場 寧子","2019/4/26"
"B07L3VN75N","現場至上主義　Spring Boot2徹底活用","廣末丈士","2019/6/27"
"B00O8GIJ2I","解析魔法少女美咲ちゃん マジカル・オープン！","やねう解析チーム","2019/5/7"
"B07QBYYT1M","運用☆ちゃんと学ぶ システム運用の基本","沢渡あまね","2019/5/11"
"B00DIM6330","達人に学ぶ SQL徹底指南書","ミック","2018/9/11"
"B00EE1XPAI","達人に学ぶDB設計 徹底指南書","ミック","2019/9/6"
"B07GB4CNKP","達人に学ぶSQL徹底指南書 第2版 初級者で終わりたくないあなたへ","ミック","2019/5/6"
"B00PHC4480","食べる！SSL！　―HTTPS環境構築から始めるSSL入門","小島 拓也","2016/6/14"
"B07KPVJT22","ＩＴナビゲーター２０１９年版","野村総合研究所 ＩＣＴメディア・サービス産業コンサルティング部","2018/12/28"
